{"crosssub": ["hep-ex"], "crosslist": ["2209.02885", "2209.02932", "2209.02958", "2209.03004", "2209.03103", "2209.03106", "2209.03303", "2209.03333", "2209.03340"], "sub_no": 1, "feed_depth": 0, "saved_feeds": ["math.HO12092022", "hep-th12092022", "physics.flu-dyn12092022", "math.HO09092022", "hep-th09092022", "physics.flu-dyn09092022", "math.HO08092022", "hep-th08092022", "physics.flu-dyn08092022", "math.HO07092022", "hep-ex12092022", "hep-ex09092022", "hep-ex08092022"], "previous_feed": "hep-ex09092022", "next_feed": "hep-ex08092022", "read_feeds": ["math.HO12092022", "hep-th12092022", "physics.flu-dyn12092022", "math.HO09092022", "hep-th09092022", "physics.flu-dyn09092022", "math.HO08092022", "hep-th08092022", "hep-ex12092022"], "math.HO": [0, 0, 0, 1], "hep-th": [13, 21, 29], "physics.flu-dyn": [5, 8, 14], "hep-ex": [14, 17, 13]}